Dist,GOPVote,DemVote,OtherVote,stateID,VID,PVI_GOP_State,PVI_GOP,TotPop,Black,BlackPct,White,WhitePct,Hispanic,HispanicPct,Female,FemalePct,Under35,Under35Pct,AtLeast65,AtLeast65Pct,MedianHHInc,Unemployed,BachelorDegreeOrHigher
AL-01,211825,116949,0,1,1,14,15,717438,196641,0.274087796,479955,0.668984637,23629,0.03293525,371573,0.517916531,312094,0.435011806,131151,0.182804647,50663,5.7,25
AL-02,197996,105286,0,1,1,14,16,674920,217508,0.322272269,424115,0.628392995,26112,0.03868903,349273,0.517502815,304708,0.451472767,120333,0.178292242,50494,4.5,23.5
AL-03,217384,104595,0,1,1,14,16,717896,188613,0.262730256,494456,0.688757146,21161,0.029476414,368261,0.512972631,323022,0.44995654,119892,0.167004691,51925,5.9,24
AL-04,261553,56237,0,1,1,14,30,687453,50846,0.073962875,596835,0.868182989,47731,0.069431656,350124,0.509306091,293821,0.427405219,128597,0.18706297,47531,4.3,17.5
AZ-01,176709,188469,0,2,1,5,2,782088,22032,0.028170743,502033,0.641913698,180055,0.230223453,383182,0.489947423,354615,0.453420843,154809,0.197943198,56117,6.9,25.2
AZ-02,170975,209945,0,2,1,5,1,733197,31650,0.043167116,599844,0.818121187,215257,0.293586853,370494,0.505313033,309732,0.422440354,163401,0.222860977,54835,4.7,35.3
AZ-03,95594,174243,0,2,1,5,-13,801531,35114,0.043808661,596963,0.74477843,521506,0.650637343,399174,0.498014425,434308,0.541848038,97382,0.121494989,54583,7.7,16.6
AZ-04,278002,120484,0,2,1,5,21,825763,13707,0.016599194,725078,0.878070342,169358,0.205092745,409879,0.496363969,296629,0.359218081,231593,0.280459405,55040,5.4,21
AZ-05,262414,183171,0,2,1,5,15,849917,33878,0.039860363,704936,0.829417461,140987,0.165883257,432395,0.508749678,377368,0.444005709,146847,0.172778048,82540,3.8,38.3
AZ-06,217783,199644,0,2,1,5,9,814971,24601,0.03018635,673502,0.826412228,145918,0.179046862,412399,0.506029049,327448,0.401790984,162366,0.199229175,76615,3.4,43.5
AZ-07,50226,165452,0,2,1,5,-23,853856,84627,0.09911156,622724,0.729307986,546780,0.640365589,430949,0.504709225,478207,0.560055794,72596,0.085021362,49066,5.5,15.8
AZ-08,251633,170816,0,2,1,5,13,798544,40530,0.050754874,661387,0.828241149,172609,0.216154651,414647,0.519253792,324991,0.406979453,178500,0.223531828,73632,4.5,31.5
AZ-09,135180,217094,0,2,1,5,-4,818850,57590,0.070330341,615343,0.751472187,218122,0.266376015,404663,0.494184527,432473,0.528146791,99747,0.121813519,65379,4.5,41.4
AR-02,184093,148410,0,3,1,15,7,767662,178792,0.232904586,543432,0.707905302,41445,0.053988604,397734,0.518110835,353868,0.460968499,128252,0.167068319,53600,3.7,29.5
AR-03,214960,106325,12977,3,1,15,19,829149,25683,0.030975132,695183,0.838429522,123805,0.149315744,421652,0.50853586,403512,0.486658007,125002,0.150759393,54310,4.8,29
AR-04,191617,75750,7668,3,1,15,17,701945,136528,0.194499569,519725,0.740407012,42280,0.060232639,360573,0.513676997,297536,0.423873665,138641,0.197509776,43824,4.6,17.7
CA-01,204190,154073,0,4,0,-12,11,711905,11113,0.015610229,603558,0.847806941,108667,0.152642558,354504,0.497965318,300134,0.421592769,151727,0.213128156,61433,5.6,25.8
CA-02,94320,294435,0,4,0,-12,-22,708434,12978,0.018319279,565797,0.798658732,128719,0.181695119,358559,0.506129011,269809,0.380852698,157829,0.22278575,80051,4.7,42.7
CA-03,145941,176036,0,4,0,-12,-5,755811,47499,0.062845076,519095,0.686805299,228566,0.302411582,377963,0.500076077,372274,0.492549063,112090,0.148304272,73191,4.8,27.2
CA-04,247291,194731,0,4,0,-12,10,757806,12709,0.016770783,639821,0.844307118,99503,0.131304054,380814,0.502521754,283566,0.374193395,167912,0.221576498,86374,4.2,35.2
CA-05,85227,271233,0,4,0,-12,-21,726072,48040,0.066164237,453790,0.624993114,210119,0.28939141,373118,0.513885675,300374,0.413697264,136937,0.188599753,85856,3.7,33.3
CA-06,83466,229648,0,4,0,-12,-21,781943,92358,0.118113469,387825,0.495976049,234022,0.299282684,398910,0.510152275,403656,0.516221771,101267,0.129506882,64687,5.7,29.6
CA-07,166549,217416,0,4,0,-12,-3,756668,54756,0.07236463,457105,0.60410246,131791,0.174172821,389419,0.514649754,331854,0.438572795,120243,0.158911174,77786,5.4,33.7
CA-08,158711,124400,0,4,0,-12,9,723311,61499,0.085024284,534310,0.738700227,324103,0.448082498,359812,0.497451304,376396,0.520379201,95280,0.131727569,56140,8.5,17.3
CA-09,128358,174252,0,4,0,-12,-8,784956,74791,0.0952805,416134,0.530136721,301460,0.384047004,394133,0.502108398,386963,0.492974128,111008,0.141419392,72237,6,22.5
CA-10,135629,166865,0,4,0,-12,0,764859,27051,0.035367303,586647,0.767000192,345032,0.451105367,388792,0.508318527,384410,0.502589366,98959,0.129382017,69647,6.6,18
CA-11,100293,271063,0,4,0,-12,-21,765504,56424,0.073708302,413527,0.540202272,222446,0.290587639,391689,0.511674661,330102,0.431221783,127054,0.165974312,103580,4.2,44.8
CA-12,81174,281776,0,4,0,-12,-37,779824,45145,0.057891268,365775,0.469048144,118236,0.151618827,380641,0.48811142,342592,0.439319641,121453,0.155744117,127290,3.8,60.9
CA-13,34955,327863,0,4,0,-12,-40,768889,134938,0.175497373,312008,0.405790693,171755,0.223380748,395282,0.514095012,360328,0.468634614,113382,0.147462117,91514,4.4,53.8
CA-14,72684,278227,0,4,0,-12,-27,742980,18900,0.025438101,324124,0.43624862,171545,0.230887776,377191,0.507673154,313672,0.422180947,126778,0.170634472,125980,3,49.5
CA-15,99710,242991,0,4,0,-12,-20,782312,38274,0.048924214,320614,0.409828815,168024,0.214778758,391156,0.5,337688,0.431653867,111508,0.142536482,125018,3.4,48
CA-16,88039,128690,0,4,0,-12,-9,753152,39749,0.052776863,421820,0.560072867,467971,0.621350006,378564,0.502639573,420607,0.558462302,83510,0.110880672,50401,9.6,13.2
CA-17,85199,212137,0,4,0,-12,-25,790519,17918,0.022666122,218288,0.276132515,127553,0.161353491,383261,0.484821997,372283,0.470934917,93986,0.118891513,147671,3.5,60.2
CA-19,88642,224385,0,4,0,-12,-24,737535,20816,0.028223745,346098,0.469263154,287932,0.390397744,361999,0.490822808,343562,0.465824673,105031,0.142408157,107240,3.8,37.1
CA-20,71658,236896,0,4,0,-12,-23,741838,17690,0.023846177,431723,0.581963987,401455,0.541162626,369953,0.498697829,366465,0.493995994,108553,0.146329792,80461,4.9,29.7
CA-21,85928,84406,0,4,0,-12,-5,729460,21050,0.028856963,518642,0.710994434,549049,0.752678694,347287,0.476087791,423043,0.579939956,66896,0.091706194,46037,9.3,10.7
CA-22,170888,144251,0,4,0,-12,8,768917,24551,0.031929324,507640,0.660201296,388738,0.50556562,385735,0.501660127,405364,0.52718824,97370,0.126632653,66532,6.6,24.5
CA-23,190222,115896,0,4,0,-12,14,741557,50086,0.067541672,535011,0.721469826,301731,0.406888479,369078,0.497706852,369529,0.498315032,103683,0.139817978,63550,8.1,22.1
CA-24,149781,212564,0,4,0,-12,-7,737443,15063,0.020425985,592003,0.802777977,272767,0.369882147,367640,0.498533446,354407,0.480589008,131583,0.178431418,76308,4.2,35.7
CA-25,169638,169305,0,4,0,-12,0,718949,72324,0.100596843,482656,0.671335519,287815,0.400327422,360800,0.501843663,339181,0.47177338,90980,0.126545833,84670,4.5,28.2
CA-26,135877,208856,0,4,0,-12,-7,725535,14221,0.019600708,588465,0.811077343,335047,0.461793022,365318,0.503515337,331820,0.457345269,117788,0.162346406,91602,4.2,35.2
CA-27,95907,221411,0,4,0,-12,-16,712783,27903,0.039146557,272974,0.382969291,198455,0.278422746,366560,0.514265913,293545,0.411829407,127025,0.178209918,90792,3.3,45.9
CA-28,91928,244471,0,4,0,-12,-23,693299,18925,0.027297025,465624,0.671606334,165802,0.239149342,352875,0.508979531,288239,0.415749915,113816,0.164165822,74431,5.5,48.1
CA-30,105426,240038,0,4,0,-12,-18,764062,34250,0.044826205,470231,0.615435658,223940,0.293091398,391797,0.512781685,320327,0.419242156,123773,0.161993398,89460,4.5,45.2
CA-31,110735,175315,0,4,0,-12,-8,753576,84285,0.111846715,455935,0.605028557,402897,0.534646804,383778,0.509275773,385552,0.511629882,93180,0.123650435,70554,5.2,25.9
CA-32,86818,172942,0,4,0,-12,-17,700726,18171,0.025931677,352520,0.503078236,427402,0.609941689,359912,0.513627295,315218,0.449844875,109428,0.15616375,71136,5.2,22.3
CA-33,123334,257094,0,4,0,-12,-16,703908,22288,0.031663229,502404,0.713735318,94703,0.134538889,361381,0.513392375,292666,0.415773084,127584,0.181250959,117012,4.3,66.6
CA-35,74941,169405,0,4,0,-12,-19,764643,40871,0.053451088,398056,0.520577577,544473,0.712061707,380142,0.49714965,402141,0.525919939,80097,0.104750845,73069,4.6,18.3
CA-36,121640,185051,0,4,0,-12,-2,755764,37386,0.049467823,538309,0.712271291,369004,0.488252947,375417,0.4967384,307665,0.407091367,177405,0.234735976,58728,7.2,24.2
CA-37,41705,254916,0,4,0,-12,-37,733668,160728,0.219074568,368150,0.501793727,293748,0.400382734,373093,0.508531107,360243,0.491016373,93744,0.127774416,69573,4.4,40.2
CA-39,173946,169837,0,4,0,-12,0,717176,12460,0.017373699,372510,0.51941225,235768,0.328744966,367992,0.513112541,307277,0.428454103,118795,0.165642743,96431,4.7,43.1
CA-40,50809,135572,0,4,0,-12,-33,715934,36462,0.050929276,398844,0.557096045,638644,0.892043121,355041,0.495913031,391183,0.546395338,66358,0.092687315,51774,6.3,10.1
CA-41,94289,167938,0,4,0,-12,-12,786719,71481,0.090859633,366550,0.465922394,493098,0.626777795,393373,0.50001716,431405,0.548359707,76051,0.096668569,69984,5.6,17.6
CA-42,210074,157667,0,4,0,-12,9,840562,52259,0.0621715,513962,0.611450434,350171,0.416591519,426169,0.507004837,413088,0.49144263,103475,0.123102163,90651,5.1,26.5
CA-43,78688,199210,0,4,0,-12,-29,748092,151208,0.202124872,324125,0.433268903,371842,0.497053838,379931,0.507866679,369892,0.494447207,94166,0.125874892,66670,4.9,29.7
CA-45,193096,221843,0,4,0,-12,3,791311,14625,0.018481987,490112,0.619367101,143940,0.181900669,400883,0.506606126,351466,0.444156596,123923,0.156604672,115427,3.2,56.6
CA-46,71716,157803,0,4,0,-12,-15,734651,15111,0.02056895,372328,0.506809356,491852,0.669504295,361122,0.491555854,380821,0.518369947,78678,0.10709575,71800,4.3,21.1
CA-47,114371,197028,0,4,0,-12,-13,717594,49477,0.068948458,376564,0.524759126,258354,0.360028094,365702,0.509622433,324480,0.452177694,105346,0.14680446,72493,4.6,34.1
CA-48,193362,201738,0,4,0,-12,4,718359,9755,0.013579561,446054,0.620934658,154254,0.214731075,365976,0.509461147,300685,0.418572051,129538,0.180324879,100604,4.3,44.6
CA-49,181157,205349,0,4,0,-12,1,731366,16910,0.023121119,589795,0.806429339,203281,0.27794702,369471,0.505179349,329220,0.450143977,119571,0.163489963,100037,5.1,47.2
CA-50,199510,166859,0,4,0,-12,11,758142,20233,0.026687613,597572,0.788205903,244196,0.322097971,376147,0.496143203,350731,0.46261914,119838,0.158068014,78346,4.4,30.9
CA-51,76841,165596,0,4,0,-12,-22,740797,49143,0.066338012,507815,0.685498186,527951,0.712679722,361357,0.487794902,384953,0.519647083,91866,0.124009681,52471,10,15.7
CA-52,152350,244145,0,4,0,-12,-6,767151,23077,0.030081431,509171,0.663716791,110296,0.14377352,378184,0.492972049,363493,0.473821972,112315,0.146405336,106524,3.6,61
CO-01,105955,331621,12714,5,1,-1,-21,852816,66434,0.07789957,669632,0.785201028,231229,0.27113586,426366,0.499950751,421284,0.49399167,107618,0.126191347,77507,3,52.1
CO-02,182547,316925,16191,5,1,-1,-9,824050,8646,0.010492082,743729,0.902528973,90376,0.109672957,407351,0.494328014,375999,0.456281779,127699,0.154965111,87585,3.2,56.9
CO-03,220634,194122,14563,5,1,-1,6,756569,7114,0.009402976,676878,0.894667902,189513,0.250490041,375508,0.496330143,318528,0.421016457,148022,0.195649042,59973,3.8,33
CO-04,285606,173945,15556,5,1,-1,13,868302,14142,0.01628696,773040,0.890289323,194184,0.223636477,429453,0.49458944,399322,0.45988838,122785,0.141408174,83609,3.2,37.2
CO-05,249013,161600,21794,5,1,-1,14,820255,48944,0.059669249,663089,0.808393731,137286,0.167369903,400475,0.488232318,395541,0.482217115,121423,0.148030795,71244,5.4,37.8
CO-06,175192,250314,12967,5,1,-1,-2,828201,80789,0.097547576,605860,0.731537392,173992,0.210084267,413217,0.49893323,392983,0.474501963,105716,0.127645342,87312,3.7,44
CO-07,159301,250525,13865,5,1,-1,-6,808543,14469,0.017895152,690151,0.85357365,240323,0.297229708,401411,0.496462155,387763,0.479582409,112115,0.138663002,77164,3.8,36.2
CT-01,122111,222668,4458,6,1,-6,-12,703138,107703,0.153174768,476475,0.677640805,121150,0.172299037,365685,0.520075718,299100,0.425378802,124354,0.176855752,75502,4.9,38.6
CT-02,140340,217982,8850,6,1,-6,-3,701590,30230,0.043087843,604510,0.861628586,63088,0.089921464,349979,0.498836928,290976,0.414737952,130457,0.185944783,80280,4.8,35.8
CT-03,137596,203265,5240,6,1,-6,-9,717989,111063,0.154686214,513602,0.715334079,120242,0.167470532,372810,0.519241938,306516,0.426909047,126141,0.175686536,70574,6.1,36.1
CT-04,130627,223832,5656,6,1,-6,-7,737733,91538,0.124080121,533457,0.723103074,153359,0.207878731,378774,0.513429655,321567,0.435885341,116413,0.157798282,101646,5.5,52.6
CT-05,151988,192484,5052,6,1,-6,-2,704837,56211,0.079750354,532184,0.755045493,143115,0.203046946,354262,0.502615498,295217,0.418844357,131667,0.186804892,73616,5.3,36.1
DE-AL,196392,281382,10496,7,1,-6,-6,973764,219418,0.225329751,659719,0.677493725,93390,0.095906195,503476,0.51704109,414865,0.426042655,189638,0.194747393,70176,4.6,33.2
FL-01,283352,149172,6038,8,1,2,22,798305,102694,0.128640056,610105,0.764250506,55078,0.06899368,397154,0.497496571,361552,0.452899581,137233,0.171905475,58358,4.9,26.9
FL-03,223075,167326,0,8,1,2,9,758939,124096,0.163512483,566550,0.746502683,86434,0.113887941,383722,0.505603217,347379,0.457716628,129947,0.17122193,56005,5.3,30.1
FL-04,308497,196423,0,8,1,2,17,836235,82632,0.098814329,665073,0.795318302,72950,0.087236243,427747,0.511515304,361438,0.432220608,145084,0.173496685,77026,4.4,41.9
FL-05,117510,219463,0,8,1,2,-12,742643,349752,0.470955762,330808,0.44544687,72108,0.097096451,378727,0.509971817,374220,0.503902952,99694,0.134242159,43667,6.2,20.4
FL-06,265393,172305,0,8,1,2,7,790455,85968,0.108757614,629851,0.796820818,105691,0.133709066,409193,0.517667672,284129,0.359449937,205083,0.259449305,55281,3.8,24.8
FL-07,175570,224946,5753,8,1,2,0,814980,94528,0.115988122,602360,0.739110162,218001,0.267492454,421283,0.516924342,383951,0.471117083,120022,0.147269872,66748,3.9,41.1
FL-08,282093,177695,0,8,1,2,11,780036,70312,0.090139429,645766,0.827866919,92112,0.118086858,398868,0.51134563,281021,0.360266706,202175,0.259186755,58740,5.6,30.5
FL-09,188889,240724,0,8,1,2,-5,931872,121885,0.13079586,689400,0.739801174,410313,0.440310472,469682,0.504019865,424608,0.455650561,153952,0.165207239,54878,4.1,25.6
FL-10,136889,239434,0,8,1,2,-11,811634,239675,0.295299359,439898,0.541990602,231635,0.285393416,415915,0.512441568,393969,0.485402287,96590,0.119006843,61737,4.3,32.6
FL-11,316979,158094,0,8,1,2,15,813112,59904,0.073672508,703430,0.865108374,96315,0.118452317,418403,0.514569949,242521,0.298262724,304733,0.374773709,52749,5.6,23.5
FL-12,284941,168194,0,8,1,2,8,811308,44759,0.055168937,700266,0.863132127,113913,0.140406603,421531,0.519569633,296092,0.364956342,199092,0.245396323,56761,4.3,28.4
FL-13,190713,215405,0,8,1,2,-2,731658,88347,0.120749038,577591,0.789427574,79210,0.108260963,376319,0.5143373,260639,0.356230643,175833,0.240321298,56612,5.2,33
FL-14,147896,224240,0,8,1,2,-7,831508,158038,0.190061912,570683,0.686322922,273316,0.328699183,416618,0.501039076,398271,0.478974345,112150,0.134875431,60022,4.2,38.5
FL-15,216374,174297,0,8,1,2,6,801294,113234,0.141313925,592165,0.7390109,190656,0.23793514,413228,0.515700854,352053,0.439355592,132043,0.164787207,57496,4.2,25.8
FL-16,269001,215683,0,8,1,2,7,873875,84474,0.096665999,718753,0.822489486,154606,0.17692004,455283,0.520993277,309341,0.353987698,239901,0.274525533,68071,5.1,33.1
FL-17,265514,140487,5396,8,1,2,13,804754,60802,0.075553523,689915,0.857299249,135320,0.168150764,406780,0.505471237,261806,0.325324261,263863,0.327880321,53693,4.9,23
FL-18,253286,186674,9760,8,1,2,5,795742,101978,0.128154603,633471,0.796075864,139608,0.1754438,407864,0.51255809,288194,0.362170151,209875,0.263747546,68744,4.3,32.3
FL-19,272440,172146,0,8,1,2,13,833013,64865,0.077867932,707780,0.84966261,170559,0.204749506,425071,0.510281352,270246,0.324419907,271415,0.325823246,67598,3.8,33.8
FL-20,68748,253661,0,8,1,2,-31,802463,424842,0.52942254,307837,0.383615195,214781,0.267652216,412120,0.51356885,381657,0.475606975,112775,0.140536075,49223,7.2,20.8
FL-21,157612,237925,7544,8,1,2,-9,786566,127907,0.162614453,584990,0.743726528,199896,0.254137606,407213,0.517709893,281820,0.358291612,211464,0.268844572,65394,4.1,37.1
FL-22,166553,235764,0,8,1,2,-6,760953,114958,0.151071091,584725,0.768411452,176508,0.231956507,385865,0.507081252,281132,0.369447259,170523,0.22409137,69452,4.5,41.6
FL-23,158874,221239,0,8,1,2,-11,762858,115837,0.151846084,549287,0.72003833,305924,0.401023519,397965,0.52167638,316010,0.414244853,129438,0.16967509,69198,3.6,40.6
FL-24,59084,218825,11703,8,1,2,-34,754731,355273,0.470727981,327064,0.43335175,319684,0.423573432,383120,0.507624571,352143,0.466580808,111275,0.147436636,44275,5,20.4
FL-26,177223,165407,0,8,1,2,-6,780951,87653,0.112238796,634078,0.811930582,565291,0.723849512,396887,0.508209862,338583,0.433552169,120774,0.154649908,65584,4,28.5
FL-27,176141,166758,0,8,1,2,-5,750653,42809,0.057029013,642481,0.855896133,531464,0.708002233,386548,0.514948984,302118,0.40247358,141941,0.189090032,60384,2.7,41.1
GA-01,189457,135238,0,9,1,5,9,749949,230141,0.306875534,465838,0.621159572,52623,0.070168771,375563,0.50078472,359453,0.479303259,117423,0.156574647,55542,5.7,26.3
GA-02,111620,161397,0,9,1,5,-6,671831,354964,0.528353113,279421,0.415909656,35034,0.052147043,344117,0.512207683,314116,0.467552108,108029,0.160797879,39728,9.4,18.4
GA-03,241526,129792,0,9,1,5,18,750998,190642,0.253851542,515005,0.685760814,45170,0.060146632,384110,0.511466076,339102,0.451535157,118110,0.157270725,66614,4.4,26
GA-04,69393,278906,0,9,1,5,-24,782142,476112,0.608728338,213149,0.272519568,79642,0.1018255,412403,0.52727382,374344,0.478613858,97664,0.124867351,60128,5.2,30.7
GA-05,52646,301857,0,9,1,5,-34,788996,436884,0.553721438,274634,0.348080345,53609,0.067945845,409113,0.518523541,405021,0.513337203,99009,0.125487328,60247,5,47.4
GA-06,180329,216775,0,9,1,5,8,742932,102402,0.137834957,495449,0.666883376,90601,0.121950596,381858,0.513987821,324340,0.436567546,101012,0.135963991,100110,3.8,65.1
GA-07,180564,190900,0,9,1,5,9,844773,181314,0.214630439,433565,0.513232549,170499,0.201828183,437681,0.518104864,408027,0.483001943,91360,0.108147396,80926,3,45
GA-08,198701,109264,0,9,1,5,15,706237,221519,0.313660995,433426,0.613711828,48767,0.069051891,358960,0.508271303,328830,0.46560857,115415,0.163422477,50745,5.3,22.7
GA-09,292750,79797,0,9,1,5,31,771168,50058,0.064911926,674346,0.874447591,103637,0.134389653,394544,0.511618739,330338,0.428360617,147358,0.191084174,59728,3.6,24.2
GA-10,235810,142636,0,9,1,5,15,757807,197751,0.260951667,511091,0.674434256,40292,0.053169211,383466,0.506020662,356620,0.470594756,115450,0.152347497,61151,4.7,29.6
GA-11,245256,160623,0,9,1,5,17,782704,139051,0.177654643,557147,0.711823371,89980,0.114960445,399419,0.510306578,363687,0.464654582,103970,0.132834379,76640,2.9,42.8
GA-12,181038,129061,0,9,1,5,9,732810,251647,0.343400063,426101,0.58146177,47735,0.065139668,368720,0.503159073,358096,0.488661454,109893,0.149961109,50217,5.7,22.2
GA-13,81476,279045,0,9,1,5,-20,802943,494566,0.615941605,232947,0.290116484,95809,0.119322293,425705,0.530180847,401253,0.499727876,88652,0.110408834,66203,5.2,29.6
GA-14,229827,77798,0,9,1,5,27,732133,63917,0.087302444,619580,0.846267003,89244,0.121895885,371638,0.507609956,332570,0.454248067,109847,0.150036947,56150,4.9,18.4
HI-01,71188,183245,0,10,1,-18,-17,720786,17217,0.023886424,120751,0.167526839,65344,0.090656589,362275,0.502611039,315474,0.437680532,137647,0.190967916,86674,3.4,36.7
HI-02,84027,171517,16558,10,1,-18,-19,695086,9706,0.01396374,220460,0.317169386,85520,0.123035135,345742,0.497408954,299511,0.430897759,131823,0.189649914,79985,4.4,30.3
ID-01,310736,131380,16453,11,1,19,21,934826,7763,0.008304219,828763,0.886542522,107377,0.114863087,467512,0.500105902,420119,0.449408767,163779,0.175197309,62886,2.7,27.2
ID-02,250678,124151,16513,11,1,19,17,852239,4945,0.005802363,768155,0.901337536,122117,0.143289617,421509,0.494590133,430749,0.505432162,124838,0.146482383,58708,4,30.6
IL-01,85027,239943,0,12,0,-7,-27,711039,359132,0.505080593,298659,0.420031813,78785,0.110802642,378660,0.532544628,322762,0.453930094,118540,0.166713781,56680,8,31.3
IL-02,63142,234896,0,12,0,-7,-29,685695,383058,0.558641962,259846,0.378952741,109578,0.159805745,367896,0.53653009,318355,0.464280766,107948,0.157428594,51472,8.5,23.3
IL-03,133851,172997,0,12,0,-7,-6,702503,37020,0.052697284,543259,0.773319117,227075,0.323237054,350928,0.499539504,307747,0.438072151,115164,0.163933819,75411,5.8,31.2
IL-04,35518,187219,0,12,0,-7,-33,676674,30368,0.044878331,392916,0.580657747,453973,0.670888788,334555,0.494410898,349355,0.516282582,76187,0.112590405,59548,4.9,27.8
IL-05,96220,255661,9408,12,0,-7,-20,739401,21894,0.029610455,586340,0.792993247,161849,0.218892049,375230,0.507478351,357512,0.483515711,95709,0.129441264,94144,2.8,56.8
IL-06,183891,213777,7079,12,0,-7,2,710626,15262,0.021476839,583032,0.82044845,82932,0.116702738,360827,0.507759356,290621,0.408964772,122161,0.171906178,105292,3.1,53.2
IL-07,41390,249383,19355,12,0,-7,-38,727761,308948,0.424518489,287759,0.395403161,125615,0.172604742,373626,0.513391072,362481,0.498076979,101526,0.13950459,64312,7.1,44.9
IL-09,107125,262045,0,12,0,-7,-18,719256,68298,0.094956455,491930,0.683942852,80528,0.111960137,368125,0.511813596,307891,0.428068727,130725,0.181750309,78569,3.6,55.7
IL-10,114422,202402,0,12,0,-7,-10,706189,50362,0.071315186,486169,0.688440347,177533,0.251395873,356126,0.50429276,317782,0.449995681,111625,0.15806675,84608,4.1,44.2
IL-11,112807,194557,0,12,0,-7,-9,721594,82835,0.114794469,498296,0.690548979,202886,0.281163646,367338,0.509064654,337987,0.468389427,92511,0.128203671,81598,4.1,37.5
IL-12,194839,127577,0,12,0,-7,5,679002,113132,0.16661512,528140,0.777818033,22764,0.033525674,343803,0.506335769,293503,0.432256459,122959,0.181087832,53008,5.2,23.9
IL-13,183373,151648,0,12,0,-7,3,698830,82843,0.118545283,565536,0.809261194,28126,0.04024727,357208,0.511151496,334078,0.478053318,115755,0.165641143,53578,5.3,31.3
IL-14,197835,203209,0,12,0,-7,5,727525,22642,0.031121955,626402,0.861004089,86970,0.119542284,368425,0.506408714,317728,0.436724511,107773,0.14813649,100011,3.2,42.6
IL-15,244947,88559,0,12,0,-7,21,685859,32344,0.047158381,633301,0.923369089,19041,0.027762266,343733,0.501171524,287044,0.418517509,132523,0.19322193,56268,3.8,20.9
IL-16,218839,119313,0,12,0,-7,8,694262,26711,0.038473948,619971,0.892992847,73367,0.105676243,348267,0.50163627,295848,0.426133074,130897,0.188541214,62868,5,23.5
IL-17,143863,156011,0,12,0,-7,-3,666201,82307,0.123546797,541536,0.812871791,64068,0.096169174,337337,0.506359192,285500,0.428549342,128276,0.192548495,50346,5.9,20.2
IL-18,261840,110039,0,12,0,-7,15,702289,26887,0.038284809,633960,0.902705297,20334,0.028953892,360846,0.513814114,302956,0.431383661,136883,0.194909788,67284,4,33.6
IN-01,132247,185180,9521,13,1,9,-8,719122,132758,0.184611234,511065,0.710679134,117031,0.16274151,366295,0.509364197,315523,0.438761434,121883,0.169488626,61104,5.4,23.2
IN-02,183601,114967,0,13,1,9,11,721469,51065,0.070779202,611348,0.847365583,73664,0.102102793,363143,0.503338328,334501,0.46363877,121248,0.168057117,54788,3.6,22.5
IN-03,220989,104762,0,13,1,9,18,753051,45663,0.060637327,650682,0.864061,47737,0.063391457,381656,0.506812952,355681,0.472319936,119970,0.159311919,57288,3.5,24.5
IN-04,225531,112984,0,13,1,9,17,767105,35576,0.046376963,667122,0.869661911,48052,0.062640708,383941,0.50050645,368211,0.480000782,120149,0.156626537,60119,3.3,26.6
IN-05,208212,191226,16788,13,1,9,9,791257,68345,0.086375223,666915,0.842855103,40290,0.050918981,401478,0.507392668,357598,0.451936602,121322,0.153328185,76417,3.5,47.9
IN-06,225318,91103,11791,13,1,9,18,720190,14879,0.020659826,666820,0.925894556,22259,0.030907122,365093,0.506939835,315403,0.437944154,129507,0.17982338,55959,3.9,21.6
IN-07,106146,176422,0,13,1,9,-11,777205,238968,0.307471002,449793,0.57873148,89477,0.11512664,401169,0.516168836,402594,0.518002329,95364,0.122701218,46118,6.3,25
IN-08,214643,95691,10283,13,1,9,15,716924,32611,0.045487388,653565,0.911623826,19613,0.027357154,360735,0.503170489,316550,0.441539131,129058,0.180016292,54326,4.8,22.1
IN-09,222057,122566,14415,13,1,9,13,765896,23240,0.030343545,694589,0.906897281,27431,0.035815568,388802,0.507643335,350462,0.45758432,125971,0.164475333,60448,3.3,27.1
IA-01,212088,201347,0,14,1,3,-1,774014,32737,0.042295101,700111,0.904519815,33640,0.043461746,390371,0.504346175,345241,0.446039736,142348,0.183908818,61542,3.8,27.6
IA-02,196964,196958,0,14,1,3,-1,782989,38134,0.048703111,693896,0.886214238,45684,0.058345647,393871,0.503035164,353746,0.451789233,138580,0.176988438,59569,4.1,28.4
IA-03,212997,219205,15361,14,1,3,1,848170,43685,0.051505005,748148,0.882073169,60724,0.071594138,430015,0.506991523,395151,0.465886556,129257,0.152395157,67681,4.1,35.2
IA-04,237369,144761,0,14,1,3,11,749897,14779,0.01970804,693381,0.924634983,57434,0.076589185,370429,0.493973172,338227,0.451031275,143390,0.191212927,58270,2.8,25.4
KS-01,208229,84393,0,15,1,13,24,694498,19109,0.027514838,610172,0.878579924,113616,0.163594424,345522,0.497513312,334824,0.48210938,121609,0.175103456,55188,3.5,26.1
KS-02,185464,136650,14201,15,1,13,10,715881,34000,0.047493927,618520,0.863998346,50531,0.070585754,359953,0.502811221,330353,0.461463567,126905,0.177271083,56515,3.5,29.4
KS-03,178773,220049,11596,15,1,13,4,779860,65806,0.084381812,616313,0.790286718,97137,0.124556972,396887,0.508920832,365171,0.468251994,112983,0.144876003,81792,3.1,48.5
KS-04,203432,116166,0,15,1,13,15,723075,48322,0.066828476,591897,0.818583135,93520,0.129336514,364665,0.504325277,342258,0.473336791,116499,0.161116067,58119,5,30
KY-01,246329,82141,0,16,1,15,23,717704,50272,0.07004559,636458,0.886797343,22485,0.031329072,360559,0.502378418,311193,0.433595187,136103,0.189636675,46999,4.9,17.2
KY-02,255735,94643,10019,16,1,15,19,774897,40149,0.051812047,690264,0.890781614,26203,0.033814817,393822,0.508224964,351603,0.453741594,126528,0.163283636,53496,4.9,21.9
KY-03,137425,230672,0,16,1,15,-6,742543,170844,0.230079605,526605,0.709191252,45239,0.060924418,383923,0.517038071,337100,0.453980443,123986,0.166974842,57546,4.6,34.4
KY-04,256613,125896,0,16,1,15,18,761936,24620,0.032312425,700198,0.918972197,25953,0.034061916,384033,0.504022648,335891,0.440838863,123467,0.162043794,66327,3,29
KY-05,250914,47056,0,16,1,15,31,689793,8083,0.011718008,665179,0.964316831,9705,0.014069438,346525,0.502360853,291759,0.42296602,125657,0.182166244,35636,7.5,13.8
KY-06,216948,155011,6491,16,1,15,9,780800,69199,0.088625768,654987,0.838866547,38432,0.049221311,400606,0.513071209,368377,0.471794314,118818,0.152174693,55613,4.8,33.3
LA-01,270330,94730,9309,17,1,11,24,799917,112319,0.140413318,635105,0.793963624,70979,0.088732956,416558,0.520751528,352022,0.440073158,139079,0.173866789,61431,4.2,32.2
LA-02,63140,235320,18522,17,1,11,-25,788021,484763,0.615165078,247449,0.314013205,52181,0.066217778,406077,0.515312409,364293,0.462288442,120842,0.153348705,44124,7.6,25.5
LA-03,230480,100275,9365,17,1,11,20,785101,196006,0.24965705,548286,0.69836365,32885,0.041886331,403526,0.51397973,371065,0.472633457,118430,0.150846834,51504,5.2,23.3
LA-04,204608,101970,0,17,1,11,13,737674,250359,0.339389758,448340,0.60777525,32679,0.044300057,372526,0.505000854,336050,0.455553537,128464,0.174147388,44580,6.1,19.3
LA-05,209990,99566,0,17,1,11,15,734377,258019,0.351344064,445163,0.606177753,19978,0.027204011,367002,0.499746043,335169,0.456399097,119914,0.163286704,41257,5.5,18.2
LA-06,265706,95541,12749,17,1,11,19,803704,202551,0.252021889,550441,0.684880254,41501,0.05163717,414903,0.516238565,393416,0.489503598,115465,0.143666076,65549,4.3,30.2
ME-01,165008,271004,0,18,0,-3,-8,686731,14754,0.021484395,642538,0.935647291,13182,0.019195289,354124,0.515666251,267022,0.388830561,144026,0.209726953,67392,3,40.5
ME-02,175228,197974,0,18,0,-3,2,657481,7229,0.010994995,620749,0.944132226,9885,0.015034655,333758,0.507631399,250269,0.380648262,141952,0.215902817,51202,4,25.4
MD-01,250901,143877,0,19,0,-12,14,737341,91687,0.124348165,603276,0.81817775,33554,0.04550676,375647,0.509461701,303906,0.412164792,143316,0.194368684,80022,3.2,33.1
MD-02,106355,224836,0,19,0,-12,-11,750702,277135,0.369167792,382427,0.509425844,57743,0.076918671,394477,0.525477486,351474,0.468193771,110002,0.146532179,73004,5,32.9
MD-03,112117,260358,0,19,0,-12,-13,779502,182974,0.234731919,481237,0.617364676,73563,0.094371791,405770,0.5205503,366048,0.469592124,115022,0.147558313,94736,4.7,52.2
MD-04,71671,282119,0,19,0,-12,-28,758795,397281,0.523568289,216598,0.285449957,132579,0.174723081,389287,0.513033164,345239,0.45498323,107267,0.141364927,88207,5,35.6
MD-05,123525,274210,0,19,0,-12,-16,756743,296382,0.391654763,354165,0.468012258,78451,0.103669277,392143,0.518198384,338793,0.447698889,110218,0.145647862,101298,4.3,34.3
MD-06,143599,215540,6893,19,0,-12,-6,769046,109661,0.142593551,510251,0.663485669,100711,0.130955756,391169,0.508641876,333314,0.433412306,117976,0.153405648,88592,3.9,43.3
MD-07,92825,237084,0,19,0,-12,-26,717158,376343,0.524769995,255721,0.356575538,28944,0.040359307,373649,0.521013501,315408,0.439802666,117337,0.163613876,63082,6.1,40.1
MD-08,127157,274716,0,19,0,-12,-14,776393,98596,0.126992387,493234,0.635289087,137626,0.177263319,395525,0.509439163,328215,0.422743379,138749,0.178709751,109016,4,54.4
MA-02,132220,249854,0,20,0,-12,-9,759750,39423,0.051889437,631470,0.831154985,79317,0.104398815,393864,0.518412636,334388,0.44012899,127028,0.167197104,77375,4.2,40.7
MA-04,160474,251102,0,20,0,-12,-9,765466,27124,0.035434624,640671,0.836968592,38257,0.049978706,395526,0.516712695,325675,0.425459785,127876,0.167056407,104857,3.4,52
MA-05,101351,294427,0,20,0,-12,-18,768043,43083,0.056094516,567113,0.738387043,76799,0.099993099,392266,0.510734425,349313,0.454809171,123477,0.160768342,106311,3.2,60.1
MA-06,150695,286377,0,20,0,-12,-6,770998,31328,0.04063305,654348,0.848702591,80627,0.10457485,402312,0.521806801,308214,0.399759792,147077,0.190761844,97115,3.6,47.4
MA-09,154261,269262,9717,20,0,-12,-4,748141,27319,0.036515844,657251,0.878512206,44690,0.059734729,388601,0.519422141,287368,0.384109413,170256,0.227572075,77167,3.9,37.8
MI-01,256581,153328,6310,21,1,-1,9,697102,9777,0.014025207,642735,0.922009978,13254,0.019013,343952,0.493402687,260231,0.37330405,168721,0.242032013,51553,5.2,26.2
MI-02,238711,154122,10414,21,1,-1,9,746998,46328,0.062018908,633304,0.847798789,72073,0.096483525,376632,0.504194121,350390,0.469064174,123036,0.164707268,59356,3.8,27.5
MI-03,213649,189769,0,21,1,-1,6,752287,62185,0.082661272,623004,0.828146705,60188,0.0800067,379270,0.504155994,351787,0.467623394,115897,0.154059554,64919,4.5,32.1
MI-04,242621,120802,9822,21,1,-1,10,702887,12781,0.018183577,658899,0.937418106,24643,0.03505969,349641,0.497435576,298308,0.424403923,138635,0.19723654,54166,4.8,23.4
MI-05,150772,196599,13661,21,1,-1,-5,672466,117430,0.174625929,518850,0.771563172,34131,0.050754982,347869,0.517303477,282740,0.420452484,128491,0.191074344,47655,7.5,20.2
MI-06,211496,152085,14839,21,1,-1,4,721508,61209,0.084834818,612051,0.848294128,47106,0.065288257,366268,0.507642327,325614,0.451296451,128301,0.177823392,56520,4.3,28.5
MI-07,227524,159743,0,21,1,-1,7,710064,28724,0.040452692,645163,0.90859838,31998,0.045063544,353580,0.497955114,291420,0.410413709,135879,0.191361624,61379,4.1,26.7
MI-08,202525,217922,7897,21,1,-1,4,740750,45067,0.06083969,630546,0.85122646,38636,0.052157948,381075,0.514444819,333517,0.450242322,117388,0.158471819,74841,4.5,42.2
MI-09,153296,230318,15502,21,1,-1,-4,718223,99489,0.138521044,549812,0.765517117,18524,0.025791432,368645,0.513273733,310880,0.432846066,124540,0.173400184,62943,4.5,31.3
MI-10,271607,138179,0,21,1,-1,13,721753,22970,0.031825292,663644,0.919489077,24426,0.033842603,365141,0.505908531,288790,0.400123034,139079,0.192696116,67472,4.8,24.9
MI-11,215405,226128,8936,21,1,-1,4,735677,35731,0.048568869,593221,0.806360672,32329,0.043944557,370003,0.502942188,300156,0.407999706,129888,0.176555744,88253,3,49.1
MI-12,117719,254957,11147,21,1,-1,-14,704912,79610,0.112936083,547006,0.775991897,43948,0.062345371,359699,0.510275041,341029,0.483789466,109153,0.154846279,62253,4,34.9
MI-13,53311,223205,9369,21,1,-1,-32,672291,363772,0.541093068,258937,0.38515613,51971,0.077304322,350524,0.521387316,332990,0.495306348,96286,0.143220718,39005,8.5,16
MI-14,62664,271370,8269,21,1,-1,-30,689939,385996,0.559463953,234993,0.340599676,32746,0.047462167,358653,0.519832913,326395,0.473078055,111115,0.16105047,50438,7.9,35
MN-01,179234,167890,21448,22,0,-1,5,679003,21232,0.031269376,604755,0.89065144,46456,0.06841796,342126,0.503865226,310634,0.45748546,121175,0.178460184,66330,2.4,31.1
MN-02,194954,204534,24751,22,0,-1,2,717698,40955,0.057064392,593539,0.827003837,46414,0.064670655,360477,0.502268364,325173,0.453077757,103346,0.1439965,90531,3.3,40.7
MN-03,196625,246666,0,22,0,-1,-1,730214,60789,0.083248198,564634,0.773244556,29233,0.04003347,373534,0.511540453,310215,0.424827516,116433,0.159450517,98877,2.5,50.2
MN-04,112730,245813,29537,22,0,-1,-14,719873,77715,0.107956542,504711,0.701111168,48538,0.067425782,367437,0.510419199,343874,0.477687036,108378,0.150551556,75665,3.3,44.7
MN-05,102878,255924,37979,22,0,-1,-26,724373,121205,0.167324017,487035,0.672353884,71650,0.098913129,362980,0.50109543,368550,0.508784839,98290,0.135689762,68709,4,48.3
MN-06,270901,140853,0,22,0,-1,12,729029,30110,0.041301512,647996,0.888848043,24837,0.034068604,361838,0.496328678,341039,0.467798949,97539,0.133793032,84159,3,32.5
MN-07,194066,144840,24209,22,0,-1,12,668096,11006,0.01647368,603675,0.903575235,34594,0.051779984,334964,0.50137106,290197,0.434364223,134138,0.200776535,60932,3.2,23.4
MN-08,223432,147853,22190,22,0,-1,4,671346,7279,0.010842397,621243,0.925369333,12495,0.018611863,332060,0.494618274,268316,0.399668725,142192,0.211801366,61659,3.7,24.6
MS-01,228787,104008,0,23,1,9,16,769026,222636,0.289503866,513762,0.66806844,25750,0.033483913,395076,0.513735556,350457,0.455715411,123593,0.160713682,50243,4.3,21.5
MS-02,101037,196331,0,23,1,9,-14,692452,464171,0.670329496,211581,0.305553309,12888,0.01861212,357510,0.516295714,327295,0.472660921,111572,0.16112597,37372,9.5,19
MS-03,221064,120782,0,23,1,9,13,738992,261390,0.353711542,447016,0.604899647,17446,0.023607833,385919,0.522223515,336607,0.455494782,124053,0.167867852,49863,5.1,26.5
MO-01,59940,249087,7144,24,1,9,-29,727772,356860,0.490345878,308948,0.424512072,25856,0.03552761,383306,0.526684181,353803,0.486145386,106360,0.146144672,50163,5.2,33.5
MO-02,233157,204540,11647,24,1,9,8,751926,27710,0.036852031,666694,0.88664842,23553,0.031323561,390178,0.518904786,298117,0.396471195,151619,0.201640853,88684,2.7,51.8
MO-03,282866,116095,8344,24,1,9,18,802919,31939,0.039778608,736085,0.916761218,21486,0.02675986,399848,0.497992948,349579,0.435385138,133934,0.166808856,69621,3.2,28.3
MO-04,245247,107635,9954,24,1,9,17,775664,36132,0.046582025,688277,0.887339106,30373,0.039157419,388740,0.50117061,365446,0.471139566,131541,0.169585027,53237,4,26
MO-05,135934,207180,9272,24,1,9,-7,777659,165064,0.212257558,534414,0.687208661,72855,0.093685021,398163,0.512002047,364463,0.468666858,122528,0.157560062,55239,3.6,29.8
MO-06,258709,118926,8144,24,1,9,16,777104,35330,0.04546367,693307,0.892167586,32999,0.042464072,395659,0.509145494,346896,0.446395849,131707,0.169484393,62094,3.2,28.8
MO-07,254318,98111,15573,24,1,9,23,787917,14714,0.018674556,717901,0.911137848,42898,0.054444821,400866,0.508766786,362454,0.460015458,140534,0.178361426,47679,3.9,24.9
MO-08,253811,70561,5854,24,1,9,24,736467,35309,0.047943764,677313,0.919678682,14314,0.019436037,372499,0.505791841,314230,0.426672207,139720,0.189716579,45656,4.8,17.8
MT-AL,339169,262340,0,25,1,11,11,1068778,7787,0.007285891,940423,0.879904901,40328,0.037732813,531608,0.497397963,459947,0.430348491,207909,0.19452964,57153,4.1,33.6
NE-01,189006,119622,8938,26,0,14,11,651958,18112,0.027780931,574306,0.880894168,65485,0.100443587,322463,0.494607015,317751,0.487379555,101033,0.154968572,63921,3,33
NE-02,171071,155706,10185,26,0,14,4,684882,67773,0.098955733,553442,0.808083728,81359,0.118792726,347296,0.507088812,341999,0.499354633,90068,0.131508785,71277,4.1,42.2
NE-03,225157,50690,10923,26,0,14,27,597568,8774,0.014682848,539015,0.902014499,72628,0.121539306,297999,0.498686342,260819,0.436467482,121194,0.202812065,55729,2.7,23.7
NV-01,74490,137868,10855,27,0,-1,-15,712411,85885,0.12055541,365927,0.513645915,334593,0.469662877,353036,0.495551023,339757,0.476911502,100897,0.141627516,44078,6.1,17.6
NV-02,216078,155780,10815,27,0,-1,7,736907,14496,0.01967141,578127,0.784531834,172877,0.234598124,361936,0.4911556,324868,0.440853459,131833,0.178900458,69972,4.5,27.3
NV-03,190975,203421,22856,27,0,-1,2,857197,75071,0.087577301,552971,0.645092085,145320,0.169529291,435202,0.507703597,365778,0.426714046,141690,0.165294559,79169,4.3,34.6
NV-04,152284,168457,11728,27,0,-1,-3,773641,120732,0.156056879,492091,0.636071511,247809,0.320315237,385203,0.497909237,362342,0.468359355,123799,0.16002125,62241,5.7,21.1
NH-01,185159,205606,9747,28,1,0,2,686735,11005,0.016025104,637422,0.928192097,28283,0.041184736,351160,0.511347172,278403,0.405400919,125064,0.182113916,79996,3.2,38.2
NH-02,168491,207863,9093,28,1,0,-2,672976,10995,0.016337878,621154,0.922995768,25899,0.038484285,335591,0.498667114,272288,0.404602839,128083,0.19032328,76368,2.8,36.9
NJ-01,144463,240567,0,29,0,-7,-13,726825,123518,0.16994187,494276,0.680048155,102600,0.141161903,375308,0.516366388,321186,0.441902796,118007,0.162359578,75244,5.2,33.4
NJ-02,195526,173849,7172,29,0,-7,1,707255,90885,0.128503864,523412,0.740061223,121410,0.171663686,358647,0.507097157,288119,0.407376406,139974,0.197911644,68127,5.9,27.2
NJ-03,196327,229840,5595,29,0,-7,2,735981,84650,0.115016556,581851,0.790578833,67228,0.091344749,380760,0.517350312,292320,0.397184166,149443,0.203052796,85746,4.7,36
NJ-04,254103,162420,7845,29,0,-7,8,748199,46408,0.062026279,643157,0.859606869,84058,0.112347116,378017,0.505235906,318984,0.426335774,143930,0.192368608,91212,3.6,44.3
NJ-05,193333,225175,5128,29,0,-7,3,734764,40708,0.055402823,581149,0.790932871,106960,0.145570551,376308,0.512148118,291146,0.396244236,138722,0.188798036,110329,3.6,50.6
NJ-06,126760,199648,0,29,0,-7,-9,739726,80117,0.108306319,451276,0.610058319,165864,0.224223564,374886,0.506790352,342540,0.46306335,102850,0.139037968,91654,3.8,41.1
NJ-07,214318,219629,0,29,0,-7,3,734239,36502,0.049714058,549923,0.748970022,105066,0.143095096,374491,0.510039646,292479,0.398343046,123926,0.168781555,115585,4.5,54.8
NJ-08,58686,176758,3329,29,0,-7,-27,766357,81979,0.106972338,442827,0.577833829,424742,0.554235167,383989,0.501057601,382298,0.498851058,84385,0.110111867,65658,3.8,35.3
NJ-09,98629,203674,7239,29,0,-7,-16,762322,68199,0.089462196,478125,0.627195595,305882,0.40125039,390067,0.511682727,343139,0.450123439,115882,0.152011879,81431,4,35.6
NJ-10,40298,241522,8189,29,0,-7,-36,761783,388608,0.510129525,236569,0.310546442,152563,0.200270943,395397,0.519041512,363514,0.477188386,101811,0.133648296,61975,6.9,32.3
NJ-11,206013,235163,0,29,0,-7,3,717657,33240,0.046317391,586527,0.8172804,82834,0.115422827,369454,0.514805819,283871,0.395552471,131419,0.183122299,120847,4.1,57.1
NJ-12,114591,230883,6251,29,0,-7,-16,747082,129029,0.172710626,395203,0.528995478,137638,0.184234127,382275,0.511690818,319823,0.428096246,124726,0.166950884,87559,6,47.1
NM-01,134337,186953,0,30,0,-3,-7,691229,18428,0.026659761,514572,0.744430572,352783,0.510370659,354646,0.513065858,305739,0.442312172,122284,0.176908087,55318,5.1,34.5
NM-02,142283,122546,0,30,0,-3,6,705615,16873,0.023912474,578192,0.819415687,394506,0.559095257,348731,0.49422277,331798,0.470225264,124971,0.17710933,46817,5.9,20.5
NM-03,131166,186282,0,30,0,-3,-8,699985,13036,0.018623256,457189,0.653141139,285661,0.408095888,356744,0.509645207,311931,0.445625263,130475,0.186396851,53357,5.5,27.7
NY-01,205715,169294,0,31,0,-11,5,713168,36942,0.051799856,609438,0.8545504,127633,0.178966246,367166,0.514838019,297430,0.417054607,128258,0.179842618,101701,3.5,38.3
NY-02,177353,154123,3446,31,0,-11,3,698974,69762,0.099806288,516218,0.73853677,164794,0.235765565,355492,0.508591164,301378,0.431171975,113225,0.161987427,108725,2.6,32.6
NY-03,161907,208412,2154,31,0,-11,-1,725746,20765,0.028611939,532099,0.733175243,80656,0.111135301,366984,0.505664516,275698,0.379882218,155814,0.214694948,126191,3.3,56.2
NY-04,153007,199762,3024,31,0,-11,-4,730314,111223,0.152294766,470752,0.644588492,163808,0.224298042,373544,0.511484101,315080,0.431430864,122940,0.16833855,110677,3.6,43.6
NY-06,74829,158862,0,31,0,-11,-16,714299,38428,0.053798199,295148,0.413199514,141832,0.198561107,369469,0.517246979,288673,0.404134683,124241,0.173934165,70529,3.7,38.2
NY-07,32520,191073,1522,31,0,-11,-38,698794,81657,0.11685418,338843,0.484896837,273010,0.390687384,354108,0.506741615,351066,0.502388401,87384,0.125049729,66891,4.8,36.8
NY-08,42007,234933,0,31,0,-11,-36,776825,403080,0.518881344,245758,0.316362115,132766,0.170908506,427313,0.550076272,371237,0.47789013,120604,0.15525247,59806,4.7,35.2
NY-09,43950,230221,2696,31,0,-11,-34,720316,336566,0.467247708,260531,0.361689869,87412,0.121352295,384857,0.534289118,336034,0.466509143,112836,0.156647916,69754,4.6,40.6
NY-10,66889,206310,3370,31,0,-11,-26,732732,27045,0.036909811,503607,0.687300405,98403,0.134296032,374603,0.511241491,340679,0.464943526,118460,0.161668932,103331,3.6,63.3
NY-11,155608,137198,0,31,0,-11,3,737390,57105,0.077442059,511527,0.693699399,127339,0.172688808,379031,0.514017006,321940,0.436593933,125902,0.170740043,81253,3.9,38.1
NY-12,53061,265172,4015,31,0,-11,-31,725760,38876,0.053565917,515038,0.709653329,104219,0.143599813,379960,0.523533951,341554,0.470615631,119460,0.164599868,124502,2.8,72.5
NY-13,19829,231841,3295,31,0,-11,-43,751661,221387,0.29453038,225691,0.300256366,409547,0.544855992,393979,0.524144528,372612,0.49571815,100296,0.133432492,46298,7.6,32.9
NY-14,58440,152661,2000,31,0,-11,-29,696664,72978,0.104753511,288342,0.413889623,347621,0.498979422,343607,0.493217677,318775,0.457573522,106108,0.152308717,66749,4.8,28.2
NY-15,21221,169533,0,31,0,-11,-44,739390,310436,0.419854204,120577,0.16307632,472895,0.639574514,396387,0.536100028,399628,0.540483371,75652,0.102316775,31061,10.6,14.6
NY-17,117307,197353,17995,31,0,-11,-7,737355,83239,0.112888636,509344,0.690771745,167343,0.226950383,377433,0.511874199,330582,0.448334927,120851,0.163897987,108449,4.9,49.6
NY-18,145098,187169,3162,31,0,-11,1,718624,76169,0.105992842,554583,0.771729027,131573,0.183090183,359044,0.499627065,316556,0.440502961,114260,0.158998308,91723,3,36.2
NY-19,151475,192100,7043,31,0,-11,2,701011,34081,0.048616926,610864,0.8714043,59070,0.084264013,350429,0.499890872,269474,0.384407663,148092,0.211254888,67004,3.7,31.2
NY-20,139446,219705,0,31,0,-11,-7,725669,67434,0.092926665,568073,0.782826606,48551,0.066905159,372460,0.513264312,323873,0.446309543,129486,0.178436725,71156,4.2,40.4
NY-21,188649,131992,0,31,0,-11,4,694835,19695,0.028344859,642777,0.925078616,23805,0.034259932,339336,0.488369181,294977,0.424528125,129677,0.186629919,57320,4.4,24.7
NY-22,155492,155480,0,31,0,-11,6,688391,26576,0.038605967,610787,0.887267556,27723,0.040272171,346728,0.503678869,299856,0.435589658,131296,0.190728815,56615,4.3,26.1
NY-23,181060,129014,3650,31,0,-11,6,687583,20206,0.029386998,621613,0.90405522,28735,0.041791318,346507,0.503949341,298456,0.434065415,134467,0.195564754,53769,4.4,28
NY-24,182567,147638,13232,31,0,-11,-3,701841,59333,0.084539091,584533,0.83285673,33280,0.047418147,358631,0.510986107,304649,0.43407125,124519,0.177417677,60899,3.9,32
NY-25,136198,206396,5325,31,0,-11,-8,714657,113229,0.158438244,535686,0.749570773,67507,0.094460699,368929,0.516232262,320539,0.448521459,127736,0.178737492,61336,4.6,40.4
NY-26,91687,223276,4628,31,0,-11,-11,703114,128828,0.183224911,494724,0.703618474,49337,0.070169276,366305,0.520975261,322906,0.459251274,122413,0.174101213,52122,3.8,31.5
NY-27,229044,149559,4884,31,0,-11,11,719554,18872,0.026227358,666977,0.926931127,20931,0.029088852,361574,0.50249738,282536,0.392654339,143408,0.199301234,69186,3.3,33.1
NC-01,159748,188870,0,32,1,3,-17,763500,340076,0.445417158,359842,0.471305828,68869,0.090201703,402269,0.526874918,348764,0.456796333,130551,0.170990177,47469,5.5,28.9
NC-02,172544,311887,10914,32,1,3,7,888547,170552,0.191944827,638363,0.718434703,86596,0.097457985,452469,0.509223485,395083,0.444639394,125454,0.141190055,75366,5.4,38.3
NC-03,229800,132752,0,32,1,3,12,761753,150734,0.19787779,557793,0.732249167,64167,0.084235966,374241,0.491289171,353976,0.46468606,135639,0.178061655,53545,5.5,25.3
NC-04,161298,332421,0,32,1,3,-17,873270,197616,0.226294273,523931,0.599964501,99150,0.113538768,450330,0.515682435,433633,0.496562346,103735,0.118789149,75687,3.8,55.9
NC-05,257843,119846,7555,32,1,3,10,765013,112117,0.146555679,606473,0.792761692,76787,0.100373458,395443,0.51691017,329793,0.431094635,141690,0.185212539,49376,5.4,26.8
NC-06,153598,253531,0,32,1,3,9,791470,157325,0.198775696,561103,0.708937799,83394,0.105365965,412079,0.520650183,333484,0.421347619,142789,0.18040987,54132,4.2,25.3
NC-07,272443,179045,0,32,1,3,9,816402,146207,0.179087018,608631,0.745504053,79568,0.09746179,426626,0.522568539,339974,0.416429651,168951,0.206945843,53066,4,28.2
NC-08,202774,177781,0,32,1,3,8,815055,187535,0.230088767,526577,0.646063149,89408,0.109695665,411209,0.504516873,397782,0.488043138,123387,0.151384876,54507,4.9,27.6
NC-09,224661,179463,0,32,1,3,8,796413,156118,0.196026434,512665,0.643717518,60578,0.07606355,410530,0.515473755,350029,0.439506889,121485,0.152540202,66208,4.3,35.9
NC-10,284095,128189,0,32,1,3,12,771791,97258,0.126015981,626605,0.811884305,54875,0.071100855,398714,0.516608771,317332,0.411163126,150398,0.194868818,53189,5,26.2
NC-11,245351,190609,14185,32,1,3,14,772612,25552,0.033072228,691103,0.894502027,51806,0.067053062,395153,0.511450767,291885,0.377789887,180333,0.233406936,51884,3.6,26.3
NC-13,267181,124684,0,32,1,3,6,780466,177941,0.227993276,530622,0.679878432,66379,0.08505047,401045,0.513853262,351913,0.450901128,133243,0.170722363,56718,4.3,30.5
ND-AL,245229,97970,12024,33,1,17,16,762062,22256,0.029204973,653910,0.858079789,30486,0.040004619,373723,0.490410229,375261,0.492428438,120177,0.157699767,64577,2.6,30.4
OH-01,199560,172022,13692,34,1,3,5,749773,160639,0.21425018,530281,0.707255396,25303,0.033747548,380430,0.507393571,355688,0.47439425,109166,0.145598735,63648,4.5,37.9
OH-02,230430,146781,0,34,1,3,9,730151,67536,0.092495936,629338,0.86192856,17880,0.024488085,377084,0.516446598,317896,0.435383914,130770,0.17909994,61220,4,33.1
OH-03,93569,227420,0,34,1,3,-19,813890,281245,0.345556525,430038,0.528373613,58824,0.072275123,417204,0.512604897,438940,0.539311209,89219,0.109620465,51435,5.3,29.9
OH-04,235875,101897,9584,34,1,3,14,712261,37072,0.052048336,635946,0.892855288,27628,0.038789152,357496,0.501917134,301563,0.423388337,130897,0.183776734,60212,3.7,20
OH-05,257019,120962,0,34,1,3,11,721212,21680,0.030060509,657924,0.912247716,43160,0.059843708,365543,0.506845421,321068,0.445178394,129747,0.179901333,63702,3.8,28
OH-06,249130,85661,0,34,1,3,16,698284,14966,0.02143254,664685,0.951883474,8501,0.01217413,351297,0.503086137,280792,0.40211719,142323,0.203818217,52442,4.8,17.8
OH-07,236607,102271,11671,34,1,3,12,727011,30350,0.041746273,669556,0.920970934,21349,0.029365443,366161,0.503652627,310544,0.427151721,137858,0.189622991,57897,3.5,21.1
OH-08,246277,110766,0,34,1,3,17,733811,49886,0.067982083,642366,0.875383443,27497,0.037471502,373240,0.508632332,330132,0.44988696,125298,0.170749689,62845,4.3,25.3
OH-09,111385,190328,0,34,1,3,-14,697570,110801,0.15883854,519976,0.745410496,75942,0.108866494,364014,0.521831501,325378,0.466444945,116754,0.16737245,45076,6.3,23.8
OH-10,212972,151976,0,34,1,3,4,723716,117319,0.162106406,546380,0.754964655,22767,0.031458473,373250,0.515740981,327186,0.452091704,131987,0.182374025,56595,5.5,31
OH-11,60323,242009,0,34,1,3,-32,684617,362284,0.529177628,272681,0.39829715,32739,0.047820898,356830,0.52121113,311337,0.454760837,120193,0.175562395,42207,9.5,28
OH-12,241790,182847,13035,34,1,3,7,788335,39764,0.050440485,681978,0.865086543,20241,0.025675633,401167,0.50887884,345465,0.438221061,125940,0.159754419,76631,3,42.2
OH-13,148648,173631,8522,34,1,3,-7,704191,88437,0.125586666,571945,0.812201519,24866,0.035311442,363415,0.516074474,300920,0.427327245,137519,0.195286506,46582,5.5,23.7
OH-14,238864,158586,0,34,1,3,5,714870,35296,0.049374012,644694,0.9018339,23639,0.033067551,364587,0.510004616,282031,0.394520682,148210,0.207324409,67698,3.8,33.9
OH-15,243103,140183,0,34,1,3,7,769664,36045,0.046832124,687485,0.893227434,18388,0.023890945,380271,0.494074038,345735,0.449202509,118540,0.154015259,69844,3.4,34.7
OH-16,247335,144071,0,34,1,3,8,719744,14011,0.019466644,667377,0.927242186,18865,0.026210708,364904,0.506991375,289337,0.401999878,149127,0.207194502,68534,3.1,35.5
OK-01,213700,109641,12130,35,1,20,17,809500,69519,0.085878938,575809,0.711314392,96693,0.119447807,412698,0.509818406,387055,0.478140828,123332,0.152355775,59660,4.8,32
OK-02,216511,63472,8544,35,1,20,24,747337,23890,0.031966837,492262,0.658688115,42734,0.0571817,375171,0.502010472,328187,0.439141913,143960,0.192630634,45207,4.9,17.4
OK-03,242677,66501,0,35,1,20,27,782091,28383,0.036291173,623806,0.797613065,83281,0.106485051,390364,0.499128618,368947,0.471744337,128220,0.163945116,54629,3.4,23.7
OK-04,213096,90459,10803,35,1,20,20,792928,56615,0.071399925,595524,0.751044231,69799,0.088026908,394964,0.498108277,381992,0.481748658,121724,0.153512046,59463,4.2,25.7
OK-05,158191,145658,0,35,1,20,10,825115,109007,0.132111281,578384,0.700973804,145599,0.176459039,421297,0.510591857,408545,0.495137042,117986,0.142993401,54928,4.4,31.6
OR-01,161928,297071,0,36,0,-5,-9,858875,15582,0.018142337,673842,0.784563528,129232,0.150466599,433619,0.504868578,387137,0.450748945,132328,0.154071314,81473,3.8,40.7
OR-02,273835,168881,14094,36,0,-5,11,841022,6474,0.007697777,754274,0.896854066,119711,0.142339915,421996,0.501765709,342558,0.40731158,181462,0.215763678,57870,5.6,27
OR-03,110570,343573,15741,36,0,-5,-24,853116,40735,0.047748489,666779,0.781580699,99113,0.116177636,427890,0.501561335,384213,0.450364312,121598,0.142533958,73091,4.3,44.3
OR-04,216081,240950,10118,36,0,-5,0,820504,7707,0.009393007,721421,0.879241296,69429,0.084617503,416726,0.507890272,343531,0.418682907,178390,0.21741515,55886,5.9,28.1
OR-05,204372,234863,12640,36,0,-5,0,844220,7420,0.008789178,707537,0.83809552,149354,0.176913601,427830,0.506775485,366765,0.434442444,153718,0.182082869,68757,5.8,32
PA-01,249804,191875,0,37,1,0,1,713411,33269,0.046633708,609026,0.853681819,39580,0.055479941,364607,0.511075663,280722,0.393492671,134506,0.188539285,93474,3.9,42.6
PA-02,75022,198140,0,37,1,0,-25,722722,182004,0.251831271,325152,0.449899131,201666,0.279036753,375062,0.518957497,353492,0.489111996,97779,0.135292685,46248,8.3,22.6
PA-03,33671,341708,0,37,1,0,-41,741654,418050,0.563672548,246857,0.332846583,32106,0.043289728,395215,0.532883258,389069,0.524596375,107829,0.145389899,49897,7.9,40.6
PA-04,179926,264637,0,37,1,0,-7,730701,70556,0.096559331,581586,0.795928841,41567,0.056886469,373314,0.510898439,304693,0.416987249,134669,0.184301103,91030,3.3,48.5
PA-05,139552,255743,0,37,1,0,-13,719973,185702,0.257929117,456095,0.633489034,32240,0.044779457,376310,0.522672378,324925,0.451301646,117700,0.163478353,71880,5.8,39.2
PA-06,177526,226440,0,37,1,0,-2,735283,51568,0.07013354,573777,0.780348519,118163,0.16070411,371908,0.505802528,328053,0.446158826,120542,0.163939599,85665,4,46.7
PA-07,181407,195475,0,37,1,0,-1,731467,55036,0.075240578,600026,0.820304949,149773,0.204757016,372241,0.508896505,315857,0.431813055,132534,0.181189309,69105,4.4,30.1
PA-08,165783,178004,0,37,1,0,1,698973,55307,0.079126089,589106,0.842816532,88622,0.126788875,353587,0.505866464,283359,0.405393341,139436,0.199486962,56149,4.7,24.3
PA-09,232988,118266,0,37,1,0,14,699832,18314,0.026169138,645419,0.922248482,49828,0.071199945,351228,0.501874736,278577,0.398062678,141299,0.201904171,62078,3.6,21.3
PA-10,208896,182938,0,37,1,0,6,744681,85079,0.11424892,581914,0.781427215,67716,0.090932896,379212,0.509227441,323173,0.433975085,132060,0.177337679,67155,3.5,32.2
PA-11,241915,141325,0,37,1,0,14,734038,27241,0.037111158,653693,0.890543814,65522,0.089262409,373847,0.509301971,324668,0.442304077,136974,0.186603418,68811,2.8,28.1
PA-12,241035,99199,0,37,1,0,17,701387,15476,0.022064852,658067,0.938236665,18558,0.026459002,349921,0.498898611,304657,0.434363625,139355,0.198684892,55203,3.9,23.8
PA-13,267789,96612,0,37,1,0,22,697051,22354,0.032069389,650844,0.933710733,24315,0.03488267,348390,0.49980561,275373,0.395054307,148712,0.213344504,56618,3.2,20.6
PA-14,241688,131895,0,37,1,0,14,678915,20587,0.030323384,633984,0.933819403,10324,0.015206616,344801,0.507870647,257682,0.379549723,149524,0.220239647,59165,5,27.5
PA-15,255058,92156,0,37,1,0,20,672749,16077,0.023897471,640736,0.952414645,8436,0.012539595,329874,0.490337407,264138,0.392624887,143105,0.212716778,53741,3.9,20.6
PA-16,210088,143962,0,37,1,0,8,678333,30249,0.044593142,614553,0.905975384,18448,0.027196082,346927,0.511440546,279542,0.412101431,136620,0.201405504,54627,4.6,28.3
PA-17,212284,222253,0,37,1,0,3,706961,42335,0.059883077,622904,0.881100938,12271,0.017357393,361157,0.510858449,275700,0.389979079,144802,0.20482318,70857,3,42.5
PA-18,118163,266084,0,37,1,0,-13,693858,125549,0.180943363,510053,0.735097095,18695,0.026943553,361861,0.521520253,315121,0.454157767,130772,0.18847084,58743,5.3,40
RI-02,109894,154086,0,38,1,-10,-6,529295,32596,0.061583805,431580,0.815386505,71485,0.13505701,274808,0.519196289,224190,0.423563419,96390,0.182110165,74180,4.2,35.4
SC-01,216042,210627,0,39,1,8,10,821107,156022,0.190014213,591572,0.720456652,50332,0.061297736,425411,0.518094475,356588,0.43427714,154690,0.188392012,77185,3.3,40.9
SC-02,202715,155118,6163,39,1,8,12,722542,177973,0.246315093,501142,0.693581826,42935,0.059422151,374509,0.518321426,324125,0.44858984,121670,0.168391595,60781,4.7,35.1
SC-03,237544,95712,0,39,1,8,19,706961,135804,0.192095462,531157,0.75132433,33297,0.047098779,360914,0.510514724,307944,0.435588385,133520,0.188864732,50815,4.7,23.9
SC-04,222126,133023,5090,39,1,8,15,754148,132698,0.175957504,553998,0.734601166,67931,0.090076484,388462,0.515100484,342937,0.454734349,124355,0.164894689,60731,4,33.4
SC-05,220006,145979,0,39,1,8,9,738205,193552,0.262192751,502928,0.681285009,32546,0.044088024,386344,0.523355978,316606,0.428886285,128587,0.174188742,56282,4.8,26.3
SC-06,89258,197477,2646,39,1,8,-19,665215,361328,0.543174763,253612,0.381248168,40198,0.060428583,341359,0.513155897,315339,0.474040724,107783,0.162027314,41128,6.7,22.9
SC-07,224993,138863,0,39,1,8,9,740536,205540,0.277555716,500058,0.675264943,31239,0.04218431,386714,0.522208238,292728,0.395292059,164933,0.22272111,49494,5.1,22.4
TN-01,228181,68617,8621,40,1,14,28,725173,16808,0.023177918,682102,0.940605897,29899,0.041230162,369571,0.509631495,290466,0.40054718,150751,0.207882809,47478,5.1,21.9
TN-02,238907,109684,4592,40,1,14,20,758519,44475,0.058633996,675194,0.890147775,33529,0.044203243,392051,0.516863783,330865,0.436198698,138900,0.183120001,57777,3.4,31.2
TN-03,215571,97687,7033,40,1,14,18,743225,77855,0.104752935,627339,0.844076827,32121,0.043218406,376303,0.506311009,311397,0.418980793,141531,0.190428201,52491,5.8,26.1
TN-04,223802,111908,0,40,1,14,20,812697,80790,0.099409743,677310,0.833410238,59399,0.07308874,413292,0.508543775,380740,0.468489486,121936,0.150038698,59461,4.1,23.8
TN-06,257572,83852,8154,40,1,14,24,799365,41699,0.052165156,714233,0.893500466,36804,0.046041545,403924,0.505306087,339894,0.425205006,143851,0.179956591,59421,3.5,25
TN-07,245188,95839,9608,40,1,14,20,800536,77827,0.097218614,667562,0.833893791,43338,0.054136229,406050,0.507222661,365480,0.456544115,122091,0.152511567,62720,4.3,32.1
TN-08,227216,97890,6747,40,1,14,19,711068,156260,0.219753948,518912,0.729764242,21837,0.030710143,365982,0.514693391,301670,0.424249158,126839,0.178378158,60152,3.7,30.6
TN-09,48818,187905,6154,40,1,14,-28,700497,455867,0.65077652,193035,0.275568632,56518,0.080682715,370904,0.529486921,360262,0.514294851,92293,0.131753598,43708,7.6,24.2
TX-01,219726,83016,0,41,1,8,25,726094,124684,0.171718813,562797,0.775102122,130443,0.179650293,371139,0.511144563,341549,0.470392263,128891,0.177512829,54396,4.9,22.1
TX-02,192828,148374,5524,41,1,8,11,787271,93823,0.119174973,522787,0.664049609,248839,0.316077945,391472,0.497251899,382395,0.485722197,100958,0.128237926,80922,4.6,44.6
TX-03,230512,179458,8621,41,1,8,13,913161,90163,0.098737243,613332,0.671658119,136182,0.149132519,463521,0.507600522,422911,0.463128627,105894,0.115964217,95619,4,54.5
TX-04,253837,76326,7640,41,1,8,28,782743,85256,0.10891953,629311,0.803981639,118785,0.151754791,395950,0.505849302,348492,0.445218929,130879,0.167205583,60060,3.7,23.6
TX-05,173836,100743,5834,41,1,8,16,759749,114347,0.150506286,572437,0.753455418,228468,0.300715105,377979,0.497505097,363608,0.478589639,112395,0.147937016,57026,4.1,19.8
TX-06,179507,149530,10955,41,1,8,9,818442,172311,0.210535383,524922,0.641367379,208099,0.254262367,418217,0.510991616,407199,0.497529452,100775,0.123130289,71161,4.6,32.3
TX-07,149054,159529,5542,41,1,8,7,762826,117962,0.154638148,457317,0.599503688,230881,0.302665352,388115,0.508785752,373584,0.489736847,89872,0.117814547,73730,4.2,50.3
TX-08,277327,97409,7735,41,1,8,28,895861,75317,0.084072194,743993,0.830478166,217151,0.24239363,440692,0.491920063,413537,0.461608441,128405,0.143331387,78615,3.6,30.5
TX-09,49575,172938,6594,41,1,8,-29,769335,300202,0.390209727,265600,0.345233221,292614,0.380346663,390876,0.508069957,390274,0.507287463,86090,0.111901837,49147,6.2,26.5
TX-10,217216,187686,8992,41,1,8,9,925348,117135,0.126584809,648467,0.70078176,284330,0.307268185,471727,0.509783346,451966,0.488428137,113783,0.122962388,80528,4.2,41.4
TX-11,232568,53394,5811,41,1,8,32,790264,34120,0.043175445,656552,0.830800846,315521,0.399260247,396066,0.501181884,386861,0.489533877,123131,0.155809957,64070,3.3,23.1
TX-12,233853,121250,11918,41,1,8,18,844563,81689,0.096723394,666252,0.788871878,196211,0.232322515,436450,0.516776132,410867,0.486484726,112108,0.132740838,73000,3.6,31.9
TX-13,217124,50477,5907,41,1,8,33,714733,39614,0.055424893,608357,0.851166799,203170,0.284259996,347562,0.48628229,340089,0.475826637,114127,0.15967781,54004,3.2,21.3
TX-14,190541,118574,0,41,1,8,12,760530,146413,0.192514431,555583,0.730520821,200325,0.263401838,376618,0.49520466,357516,0.470087965,109581,0.144085046,67459,3.8,25
TX-15,109017,115605,4295,41,1,8,-7,804562,15332,0.019056331,673951,0.837661983,659612,0.819839863,406429,0.5051556,436815,0.542922733,94126,0.116990362,48113,5.6,21.2
TX-16,84006,154108,0,41,1,8,-17,747648,28613,0.038270684,590426,0.789711201,607474,0.812513375,377435,0.504829813,399191,0.533929068,92951,0.124324548,49013,6,24.5
TX-17,171390,125565,9918,41,1,8,12,786023,107767,0.137104131,598086,0.760901399,209926,0.26707361,394861,0.502352985,411525,0.523553382,100181,0.127453013,58929,3.6,32.3
TX-18,58033,180952,7910,41,1,8,-27,827015,279070,0.337442489,422157,0.510458698,370358,0.447825009,415046,0.501860305,450017,0.544146116,82712,0.100012696,48625,5.3,23
TX-19,198198,60583,6271,41,1,8,27,729664,45260,0.06202855,610334,0.836458973,272871,0.373968018,362373,0.496629956,375522,0.514650579,105505,0.14459395,55278,2.7,23.9
TX-20,89628,175078,6017,41,1,8,-10,832518,47638,0.057221586,653853,0.785392028,569829,0.68446448,423750,0.508998004,446020,0.535748176,97857,0.117543404,54908,5.3,24.5
TX-21,235740,205780,12230,41,1,8,10,829628,34580,0.041681332,702484,0.84674577,253031,0.304993322,420633,0.507013987,371443,0.447722353,142011,0.171174309,73472,3.1,47.4
TX-22,210259,181998,15791,41,1,8,10,960957,138861,0.144502824,573797,0.597109964,257743,0.268214915,489729,0.509626341,456669,0.475223137,108357,0.112759468,101658,3.3,45.4
TX-23,149395,137693,8369,41,1,8,1,786712,27258,0.034648003,663333,0.843171326,547522,0.695962436,392886,0.499402577,402187,0.511225201,103097,0.131047957,59074,3.5,23.9
TX-24,167910,163326,12785,41,1,8,9,832445,108712,0.130593613,518092,0.622373851,196732,0.236330328,418350,0.502555724,407775,0.489852182,90584,0.108816799,79667,3.2,48.4
TX-25,220088,165697,7738,41,1,8,11,818807,60306,0.073651056,674846,0.824182011,152814,0.186630061,406265,0.496166984,374845,0.457794083,115340,0.140863476,79975,3.9,40.6
TX-26,261963,161009,9243,41,1,8,18,920865,83798,0.090999224,700197,0.760368784,182394,0.198068121,471145,0.511633084,443249,0.481339827,99459,0.10800606,96307,3.1,45.6
TX-27,172305,95446,5482,41,1,8,13,745526,36889,0.049480501,639102,0.857249781,404885,0.543086358,374322,0.502091141,353505,0.474168574,124790,0.167385175,55987,5,20.1
TX-28,91925,137494,6425,41,1,8,-9,772410,29977,0.0388097,677177,0.876706671,609392,0.788948874,390437,0.505478955,422001,0.546343263,92013,0.119124558,53597,6,20
TX-29,42840,111305,2328,41,1,8,-19,783915,82553,0.105308611,566071,0.722107626,617046,0.787133809,393649,0.502157759,448465,0.572083708,68606,0.087517142,48300,6,11.6
TX-30,48685,204928,10851,41,1,8,-29,792445,326682,0.412245645,379301,0.478646468,321059,0.405149884,405310,0.511467673,418227,0.527767858,86325,0.108935005,51819,6,22.4
TX-31,212695,176293,8922,41,1,8,10,916064,112907,0.123252306,682987,0.745566904,231424,0.252628637,463013,0.505437393,457894,0.499849356,112285,0.122573314,75813,5.7,36.4
TX-32,157867,178542,7278,41,1,8,5,778087,116090,0.149199254,524069,0.673535222,210282,0.270255126,397902,0.511384974,386044,0.496145033,99031,0.127274971,76464,3.7,45.3
TX-33,39638,105317,12651,41,1,8,-23,751182,121634,0.161923475,456809,0.608120269,501434,0.667526645,374234,0.498193514,420667,0.560006763,63503,0.084537436,45997,5.9,13.1
TX-34,84119,111439,5457,41,1,8,-10,712596,10005,0.014040214,653713,0.917368327,602457,0.845439772,358735,0.50341989,376803,0.52877507,102906,0.144410016,42092,5,15.5
TX-35,80795,176373,12629,41,1,8,-15,857654,78878,0.091969489,659727,0.769222787,519807,0.606080074,426454,0.49723315,459206,0.535421044,90218,0.105191604,53898,4.1,25.2
TX-36,222712,73148,6419,41,1,8,26,758238,68076,0.089781836,625107,0.824420565,215731,0.284516207,380777,0.502186649,357074,0.470926015,109981,0.145048125,62206,6.2,19.4
UT-01,237988,104194,0,42,1,20,26,787582,7161,0.009092387,720006,0.914198141,106463,0.135177036,387413,0.491901796,436276,0.553943589,83430,0.105931827,73964,2.7,31.8
UT-02,208997,129762,15465,42,1,20,16,788484,11721,0.014865235,657266,0.833581912,124580,0.157999401,394834,0.500750808,409485,0.519332035,110684,0.140375708,69852,2.7,32.2
UT-03,246674,96067,15929,42,1,20,25,779460,5428,0.006963795,704050,0.903253534,85324,0.109465527,388989,0.499049342,448988,0.576024427,86899,0.111486157,78931,3.5,41.9
UT-04,179688,175923,21090,42,1,20,13,850432,12608,0.014825406,718205,0.844517845,145687,0.171309405,424051,0.498630108,471770,0.55474159,84185,0.098990866,80918,3.7,33.8
VT-AL,95830,238827,19638,43,0,-15,-15,623989,9435,0.015120459,585117,0.93770403,12408,0.019884966,314825,0.504536138,255080,0.408789258,125201,0.200646165,63001,3.4,38.7
VA-01,186923,260614,0,44,1,-1,8,824492,134826,0.163526147,596921,0.723986406,91439,0.110903441,414084,0.502229251,363831,0.441278994,129818,0.157452104,90181,3.9,37.8
VA-02,165031,185733,9170,44,1,-1,3,723927,139463,0.192647877,486553,0.672102298,59982,0.082856421,364372,0.503326993,341146,0.471243647,113112,0.156247798,74704,4.1,37.7
VA-03,107299,233326,0,44,1,-1,-16,760127,360389,0.474116825,329198,0.433082893,51982,0.068385941,394360,0.518808041,379201,0.498865321,108180,0.142318323,56455,6.3,26.5
VA-04,149625,241142,0,44,1,-1,-10,768382,315577,0.41070327,394028,0.512802226,46332,0.060298133,389361,0.506728424,350654,0.456353741,119370,0.155352416,60407,5.2,30.8
VA-05,210988,190315,0,44,1,-1,6,735766,142961,0.194302265,551428,0.749461106,27849,0.037850349,377075,0.512493102,300682,0.408665255,154489,0.209970289,57615,4,29
VA-06,246606,134729,0,44,1,-1,13,755012,90140,0.119388831,620342,0.821631974,42512,0.05630639,388958,0.515167971,334299,0.442773095,141574,0.187512251,59939,3.3,28.3
VA-07,222623,230893,0,44,1,-1,6,802921,144789,0.180327828,554096,0.690100271,63838,0.079507199,408434,0.508685163,350310,0.43629448,132462,0.164975135,81364,3.8,40.6
VA-08,95365,301454,0,44,1,-1,-21,813568,114695,0.140977767,511900,0.629203705,150802,0.185358815,412439,0.506950863,385874,0.474298399,100490,0.123517641,111627,3.1,63.3
VA-10,206253,268734,0,44,1,-1,-1,857693,68611,0.079994823,593061,0.691460697,123194,0.143634144,430599,0.502043272,382341,0.445778385,110582,0.128929582,132226,2.8,56.6
VA-11,111380,280725,0,44,1,-1,-15,789553,109462,0.138637938,438131,0.554910183,150667,0.190825695,401419,0.508412988,365181,0.462516133,99707,0.126282846,118099,3.6,57.2
WA-01,176407,249944,0,45,1,-7,-6,791545,12178,0.015385101,594230,0.75072169,76815,0.097044388,390482,0.493316236,349074,0.441003354,113113,0.142901541,106190,3.5,45.3
WA-02,148384,255252,0,45,1,-7,-10,760064,25095,0.033016956,578055,0.760534639,84560,0.111253789,386018,0.507875653,339189,0.446263736,131192,0.172606517,75095,4.4,33.4
WA-03,235579,181347,0,45,1,-7,4,756675,12360,0.016334622,650254,0.859357056,77109,0.101905045,380029,0.502235438,329436,0.435373179,136227,0.1800337,70936,5,27.2
WA-04,202108,102667,0,45,1,-7,13,735797,10104,0.013732048,553564,0.752332505,291924,0.396745298,366204,0.497697055,374544,0.509031703,106051,0.144130786,59872,5.9,22.2
WA-05,247815,155737,0,45,1,-7,8,734322,12783,0.017407895,641200,0.873186422,50208,0.068373275,368574,0.501924224,337654,0.459817355,128038,0.174362201,57837,6.1,30.4
WA-06,168783,247429,0,45,1,-7,-6,726540,29054,0.039989539,587323,0.808383571,58095,0.079961186,364865,0.502195337,298001,0.410164616,154586,0.212770116,72169,5.1,33
WA-07,78240,387109,0,45,1,-7,-33,817787,41038,0.050181771,569986,0.69698589,66032,0.080744742,404096,0.494133558,394268,0.482115759,108348,0.132489267,100991,3.5,62.3
WA-08,198423,213123,0,45,1,-7,0,770177,23662,0.030722808,557905,0.724385433,92771,0.120454129,388358,0.504245128,345151,0.448145037,110998,0.144120118,95968,3.9,36.8
WA-09,89697,258771,0,45,1,-7,-21,751595,90056,0.11981985,369451,0.491555958,97137,0.129241147,373425,0.49684338,358208,0.476597103,103962,0.138321836,90353,4,44.6
WV-01,180488,81177,0,46,1,19,19,601811,15153,0.025179001,563410,0.93619093,7405,0.012304528,301657,0.501248731,247957,0.412018059,121797,0.202384137,51480,5.6,23.3
WV-02,172195,100799,0,46,1,19,17,623039,27559,0.044233186,571968,0.918029208,13950,0.022390252,317041,0.508862206,253180,0.406363005,121500,0.195011869,52166,5,22.6
WV-03,161585,64927,0,46,1,19,23,567297,23213,0.040918602,532626,0.938883865,5468,0.00963869,287588,0.506944334,221191,0.389903349,124103,0.218761954,42553,7.8,17
WI-01,238271,163170,0,47,1,0,5,721691,43033,0.059628013,627038,0.868845531,73056,0.101228919,363525,0.503712808,304477,0.421893858,124462,0.17245885,68695,4.3,30.5
WI-02,138306,318523,0,47,1,0,-18,773663,33742,0.043613305,664613,0.859047156,52787,0.068229966,389640,0.503630134,362733,0.468851425,118493,0.153158417,72036,2.2,44.9
WI-03,189524,199870,0,47,1,0,0,723169,10906,0.015080846,673955,0.931946751,20626,0.028521687,359125,0.496598997,323686,0.447593854,133009,0.183925196,59426,2.9,27
WI-04,70769,232668,7911,47,1,0,-25,704146,237241,0.336920184,357357,0.507504126,123967,0.176052978,365151,0.518572853,373196,0.52999804,84988,0.12069656,47421,4.9,29.3
WI-05,265434,175902,0,47,1,0,13,733314,17884,0.024387916,663623,0.904964313,47945,0.065381269,371429,0.506507444,296124,0.403816101,140415,0.191480048,77386,3.2,38.2
WI-06,238874,164239,0,47,1,0,8,715828,14016,0.019580123,655759,0.91608459,34668,0.048430629,357965,0.500071246,296799,0.414623345,136341,0.190466145,63251,2.5,28.3
WI-07,252048,162741,0,47,1,0,8,714544,5745,0.008040093,665940,0.931978996,18421,0.025780078,354131,0.49560419,274375,0.383986151,150821,0.211073076,60706,2.9,24.4
WI-08,268173,149558,0,47,1,0,7,736079,12180,0.016547137,655069,0.889943878,41299,0.056106749,368664,0.500848414,313074,0.425326629,131367,0.178468615,65346,2.9,27.2
WY-AL,185732,66576,18059,48,0,25,25,578759,7116,0.012295273,525860,0.908599262,58607,0.10126322,282754,0.48855223,265561,0.458845564,98789,0.170691082,65003,3.6,29.1